answer,question,id,investor_id
1、多年职场创业者，重点会关注过往背景和经验，且创始团队能力互补。2、年轻的创业者，比较关注创造力，偏好技术能力强，有市场意识的团队。 ,你青睐什么样的创业者？,1,1
我个人重点关注B2B、车联网或汽车后市场、互联网医疗等领域项目；更倾向首选赛道，再看选手的投资逻辑，偏好自上而下的行业研究，确定有未来发展潜力和成长性的细分行业，分析细分行业竞争格局，有的放矢精选投资标的，快速出击锁定项目。,你的投资方法论？,2,1
一般从见团队到签Term sheet（投资条款清单/风险投资协议）的时间在2周左右。,你做一个决策的周期有多长？,3,1
个人非常重视和坚持项目投后增值服务的提供，前提是帮忙不添乱：1、个人多年IT从业和创业经历，可与创业者共同深度打磨和完善商业模式，整合行业资源。  2、启赋已布局产业生态圈资源间的合作学习与协同，启赋已投80个项目，均是产业生态圈布局式的投资逻辑，启赋企业家们的协同互动已常态化。3、创业者团队完善，人才引进。4、下一轮融资的规划与对接。,除了资金，你能为创业者提供的帮助还有哪些？,4,1
专注，线下执行力强,你喜欢什么样的团队，或者说你看团队的标准是什么？,5,2
两周,你一般做一个决策的周期有多长？,6,2
人才支持，曾推荐成功数名CTO,除了资金，您对创业者的其他帮助有哪些？这些帮助最后效果如何？,7,2
1，看重有良好初心的创业者。就是说你创业是出于兴趣，财务汇报还是满足一些潜在的巨大需求。2，青睐有决心的企业家。 ,你青睐什么样的创业者/团队？,8,3
看社交产品的角度有三个：内容、关系和玩法。比如建立关系的方式是否有效，关系能否持续或沉淀下来等等来评价一款产品。除了这三点，我更关心创业者是否足够独特，比如你是否很懂一个垂直领域，是否是你所要做方向的典型用户，是否关注到领域足够多的细节。如果你在一个领域里非常资深，甚至进化到了『妖人』，绝对是加分的。 ,你的投资方法论？,9,3
首先，帮助团队找到关键人，补充高手。再就是做公司市场方向的探照灯和思考的伙伴。第三，规划融资节奏。,除了资金，你对创业者的其他帮助还有哪些？,10,3
多数创业团队见完当场就会有判断，决策最长不超过一周。,你做一个决策的周期一般多长？,11,3
我觉得坚持是很重要的一点再就是有一定的格局，或者说有一定的视野。还有就是在行业里面要有积累。如果创业者是一个刚毕业的学生，或者一定要跨行创业的，其实还是比较难的。,你喜欢的创业者/创业团队一般具备哪些特点？,12,6
看人，人要对。我觉得未来有潜力的企业家，或者好的创业者的苗子其实市面上并不多，其实那些VC或者早期的天使都在对这个资源进行争夺。,你的投资方法论是什么？,13,6
第一点就是续融资，一般我们都会协助团队去搞定。二是我们会帮他们构建一些团队，比如从BAT里会挖一些优秀的人补充团队。第三个是战略规划，比如从行业里面去请一些大的人物来帮助他们。,除了资金，你还擅长对创业者提供哪些额外的帮助？这些帮助最后成效如何？,14,6
像我们投得很多项目很快，只要是对的人在我们判断有机会的行业里创业，我们会非常快的投资。比如说我们当时投 i4，其实第一次和他们见面，第二次过去协议就签掉了，一周之内就打钱了。,一般你做一个投资决策时间大约多久？,15,6
一是创业者对他所在行业看的特别深入。二是最好要有创业经验。,你青睐什么样的创业者？,16,12
我认为做与汽车相关的服务的创业者的组合一定是要跨界的，团队要有人对传统线下的资源更熟悉才行。我之前接触过一些团队有一个感觉：在线下拥有较多资源能积累的人一般容易找到具备线上经验的合伙人，互相拟补对方不足。但一个纯线上出身的人去寻找线下的合伙人总是不那么力不从心，他可能也不知道去哪找。,你对被投资的团队的人员搭配上有什么要求？,17,12
目前市面上的一些车机硬件新品从体验来讲是不差于美国，甚至跑在美国当地创业者做出的产品前面的。不过这些新品中很多是在尝试去研发、应用一些汽车内的新技术，但我认为车联网硬件在这有一个瓶颈就是没有找到最佳人机互动的场景，说悲观一点核心技术在中国很难做。传统的OEM和ODM他们的新技术的来源还是从国外引进。创业者做这条路开始会吸引很多眼球，一些注意力。但你往下走的时候，你可能会迷茫。,你怎么看汽车内的“硬件创业”?,18,12
我在意创业者的素质，比如表达能力、逻辑性、战略思维是否清晰、资源整合能力强不强，然后有没有亲和力。,你喜欢什么样的创业者/你对创业者或团队的要求是什么？,19,14
能够与消费者对话的品牌才有生命力！,目前研究的行业中你的投资逻辑是什么？/你是如何决定在这个行业里哪些该投哪些不该投？,20,14
一是资本的运作，因为我曾在投资银行从业多年，对资本市场运行的路径非常熟悉。二是协助品牌的建立——这方面我有一些自己的理解。三是资源比较深厚。,除了资金，你能为创业者带来哪些额外帮助？这些帮助最后成效如何？,21,14
天使期的决策不会超过两次见面，A轮一个月，B大约2个月，具体视所投阶段而定。我会更多的时间思考商业的本质。然后我会第一时间告诉创业者我是否跟进。,一般你做一个投资决策时间大约多久？,22,14
在我们重点看的产业互联网领域，我们期待与有产业背景和资源，同时又有互联网运营、技术经验的人才组合合作。项目的牵头人背景既可以是理解了互联网玩法的传统行业人士，也可以深入学习了传统行业知识的互联网人，但我们希望他同时具备洞察力、执行力、感召力和学习力的。,你青睐什么样的创业者/创业团队,23,17
一个月，快的半个月。,你做一个决策的周期大约多长,24,17
我们看产业互联网时会重点关注那些市场容量相对比较大、信息化应用的程度较高、传统产业的发展遇到瓶颈、并且行业内开始对互联网接纳意愿强烈的细分市场，具体来说包括工业服务业、公共服务业、医疗健康、文化创意、消费生活服务业和农业服务业，它们的共性是以各个领域的服务业为依托，形成一套互联网+大数据+运营服务创新+金融的组合模式。,你有自己的投资方法论吗？,25,17
总体是流量驱动的思路，做流量的闭环，我希望看到互联网作为一种强信息流的改造工具来进入实体行业。具体讲，首先，互联网金融发展的空间在哪里？你看大多互联网金融服务目前还是大多为大型企业提供服务，缺失对小微企业的关注。谁能能够让原来那些没有被服务到的小微企业和个人接受比较先进的金融产品的帮助，那么无论是在理财、贷款、信用、保险这些方面都有非常大的机会。再一个，B2B或者说产业互联网也是这样，这一块的模式都是流量的聚合，很少有做入到闭环交易的，尤其现在中国大量的小微企业、中小企业发展起来，它需要非常畅通的采购链、供应链，比较好的价格，这个时候，互联网用它的交易成本无限降低和信息透明的这些优势能够帮助到这些企业快速发展，所以我们觉得这两块，互联网带来的效益和价值的提升非常的大，这是作为我们基金比较重要的投资方向。,你如何看待正在研究的互联网金融和B2B产业？,26,19
比如说互联网保险这个行业，我们最早投资了大特保互联网保险，它是一种非常新颖的，场景化的针对消费者的直销渠道。他到保险公司这边，根据某一场景，精算初次的产品，通过互联网这种低廉的交易手段和分发手段，微信啊，分发到小微的机构和个人这边去。这件事情，我们原来认为只是比较有意思的切入点，但是真正做了以后，才发现里面是无限大的空间。因为中国人的人均GDP到了目前这样一个往七千美金，往一万美金去发展的过程当中，其实保险需求是在高速的产生，尤其是对个人的保险，传统的保险公司由于它产品的反应速度比较慢，销售渠道成本比较高，或者是大企业的习惯也比较僵化，所以很难很快速的推出这些产品。像这条线上面，我们就发现做了这个产品以后，有很多很多的客户需求会产生，比如说我们推出的乳腺癌的防癌险一上线就卖了十万份，突然之间，柴静的报道说雾霾会导致肺炎，突然之间肺癌的这个险就热卖，可能在四十八小时之内，如果你能推出这个产品，可能就会是一个百万级的销售，百万份的保险销售。常规的话，保险公司策划一个肺癌险，到保监会去审批，出产品，可能要半年时间，出来以后，可能天气也变好了，或者大气也治理好了，机会也不在了，所以要很快速的响应。所以这个领域，我们觉得机会还是非常多，原来可能只是觉得一个点、两个点的机会，现在我们可能觉得是二十个点、三十个点，甚至更多的一个机会。,你投过什么在当时别人不容易理解的项目？或者说看某个领域明显早于其他投资人？why?,27,19
我觉得原来互联网的投资理念是产品为王，要找好的产品经理来做，产品为王的思路仍旧是对的，但是可能还需要做一个调整，就是说商品经理也非常重要，就是在这个团队里面，不仅需要有人非常懂这个产品，也需要有人对传统行业，对商品的供应链，对商品的特性和商品价格的谈判有非常强的经验，也就是说利用商品经理五年、十年在传统行业的议价能力和获取货源的能力，把它通过互联网无限的放大化，让原来的小微必没有方法请得起高端的商品经理的人，通过互联网把商品经理的大脑无限放大。所以一个新的团队应该是互联网产品经理加上传统行业的商品经理这样的组合那么至于谁做CEO，谁做CTO，这个具体看，但是需要这两种能力的组合。,你愿意和怎样的创业者/创业团队合作？,28,19
学习能力强很重要，我觉得每天看知乎的人应该都挺不错的。游戏领域的话我现在一般不投纯CP了。投的话我需要创业者至少对整个产业链的运行有基础的认识和规划。,你选创业者的话有什么标准？,29,21
产业链的整合。做投资之前我就是游戏行业的，从CP、渠道、运营、发行等等环节都摸过很多遍，每个环节有哪些坑，需要去Pitch什么人我比较清楚。,除了资金你对创业者的帮助还有哪些？,30,21
熟人介绍的比较多。我喜欢一对一的谈，不怎么参加活动。,你一般怎么接触到创业者？,31,21
之前是做投后管理，一年接触了50余个项目，有3家以上公司通过投后服务成为领域内知名项目。快速了解和熟悉项目的能力，迅速找到项目启动和发展的关键节点、问题，并如何解决 。  ,你在成为一名投资人之前做的是什么工作？那些经历对你做投资有怎样的影响？,32,22
关注新消费、女性消费、生活方式等与美好生活相关的创业项目，核心观点：电商的走向是媒体化、社会化。,你最近在关注什么创业领域？简单分享下你的观点？,33,22
忙碌中有思考，寻找未来新兴机会。,描述下你的工作状态？,34,22
像朋友和创业伙伴一样基于过往经验，可以在市场、PR、品牌以及行业资源整合上帮助创业者和项目快速成长。,你如何与创业者相处？哪些事是你个人投后增值的部分？,35,22
战略清晰、事情想的透，且执行凶猛的创业者。,你最欣赏什么样的创业者？,36,22
年龄上算，其实我投70后比较多，然后没怎么投过90后。可能说我更懂70后的想法，我目前看的行业想冲出来需要很多经验的积累。,你怎么看90后创业？你一般投资的创业者有什么特点,37,23
不仅仅是我投过的CEO，我觉得优秀的、有发展的创业者必须是性格乐观、做事成熟、学习能力很强，人也很Open的。,你投过的CEO有什么共性吗？,38,23
曾进行深入的创业研究，接触过大量创业案例，并与多家业内企业及投资者建立良好关系。充分了解创业艰难，能够用理解和欣赏的眼光看待每个创业者，并愿意帮助创业者实现梦想。曾在大型企业担任项目投发工作，善于协调。,你在成为一名投资人之前做的是什么工作？那些经历对你做投资有怎样的影响？,39,24
近期重点关注企业服务及云计算相关领域， 发掘真正能抓住用户的产品；同时关注智能硬件及各种颠覆性创新产品，希望助力中国制造向中国“智”造的转型升级。,你最近在关注什么创业领域？分享下你的观点？,40,24
勤奋，热情，常自省，乐助人,描述下你的工作状态？,41,24
深入的行业见解，坚定的创业信念，从善而不失自我,你最欣赏什么样的创业者？,42,24
人比较踏实、不浮夸的，然后对行业非常了解的。我不是特别在意核心有团队几人组成，就重点看创始人有没有白手起家的精神。,你青睐什么样的创业者？,43,27
基本流程是先看商业模式，然后看企业所在行业市场空间有多大，再看目前的行业的未来，以及整个行业的竞争情况怎么样。我期待的项目未来至少是百亿元以上规模，撑起一个上市公司。,你投资方法论是什么？,44,27
一个半月左右。,你一般做一个决策的周期有多长？,45,27
就说语镜吧。当时投的时候语镜所处的行业还不被看好，但我后来投了看中的是：团队对行业理解到位，商业模式说的通，团队整体比较开放。就项目本身来说，语镜所拥有的数据是很多企业所需要的，这个需求一直没有被满足。那么这些需求就意味着有盈利的空间。,你投过什么在当时别人不容易理解的项目？或者说看某个领域明显早于其他投资人？why?,46,27
相对比较有逻辑的， 不会投资非公司股东、占大股的。,你青睐什么样的创业者？,47,28
最近看的游戏社交比较多，然后游戏基本只会用RMB做第一轮投资，这是中国手游市场的后期退出环境决定。,你有哪些投资偏好？,48,28
电竞。因为我原来是玩这个的，所以在很早的时候就在关注。,你投过什么在当时别人不容易理解的项目？或者说看某个领域明显早于其他投资人？why?,49,28
之前有一个比较有个性的想法，我可能是80%的金钱铺在之前很理性的分析的角度上，剩下20%我感兴趣的方向去赌。因为我们社会的发展，呈现出非常多元化的状态，只要你做的东西是有趣的，我们都可以谈一谈。很多人说郑兰是投游戏的，但我不觉得博派是游戏的基金，我还是投内容生态，比如电影，动画等。它以娱乐为中心向外扩散的。回顾之前20年，我们看娱乐的载体，受众在变化，但是对娱乐的需求没有变化。我们没有一个具体的方法论，但是我们做的事情可能随着这个行业的变化而发展。,你投资的方法论是什么？,50,29
投和没投我的付出的关心都是差不多的，我们每天都会看一些新的团队，有时候没办法投，但是我觉得这个事或者这个人不错，我会在一个朋友的角度去帮助他。如果我觉得这个团队不适合创业，我就会比较直接的去劝告。,你怎么和创业者相处？,51,29
中国是个很好的市场，把手游的路径变得非常短，容易给投资人去总结。过去看端游和页游来讲，达不到国际水平，手游因为成本和门槛比较低，很多聪明的人加入手游这个行业，一个行业聪明人多了，是正向积极的事情，产品越来越好。当刀塔传奇出来的时候，让大家看到创新带来的价值，一个优秀的CP团队是有可能成长为一个大体量的公司的，业务模式向外扩展，成为一个综合性的娱乐公司。,你怎么看待手游现在这个节点的状态？,52,29
我们创立这个基金的初衷，是因为感觉到基金这个行业在发生变化。你看基金过去只能从国外募钱，但LP对国内的经济又不是非常了解，所以他们很难接受这种长期的投资方式。创立这个基金的初衷是想通过一个新的基金，让这些人走得更近一些，把互联网的资源利用的更好一些。目前我们基金保持十几人的投资团队，有2亿美金跟3亿人民币的资金量。这次募资做的多一些是因为基金太小的化很多投资不能参与，就不能呆在主流的投资圈了，就错失很多信息。,为什么创立高榕资本？新基金有什么特点？,53,31
这个两层面看，好的团队有很多基本素质：比如良好的学习能力，坚持做事的决心，思维活跃，另外一个是和投资人之间要有一定的默契。,你喜欢什么样的创业者/创业团队？,54,31
很多人说90后缺经验，做事不靠谱，但有些90后已经有工作经验了，他们大部分人的确还没形成自己的方法论，但重要的是有自己做事的原则和方法。,你怎么看待90后创业？,55,31
我希望是在正确的方向上找到好的创业者。第一是你要知道正确的方向在哪里，第二是要见或聊过很多创业者。我觉得投资的第一要素是勤奋，成功的投资人一般都是非常勤奋的。,你做投资的方法论是什么?,56,31
1，能够单点突破，并逐步延伸到产业链的；2，能够提高传统行业效率的新模式我也在看，比如说共享经济。,你在研究的领域中会青睐什么样的案子，什么样的案子你是肯定不会投的？,57,36
1，我们基金有孵化器，对于投资早期的项目，可以提供免费的办公场地，以及一系列的增值服务（产品、技术、运营、续融资的指导）。2，我个人做了很久的投资，帮团队做战略规划的经验比较多，这方面我也算比较擅长。3，比较明白创业与资本市场对接这里面的法则和流程，在创业者对接资本市场的节奏上，可以给创业团队一些我们的建议。,除了资金，你对创业者额外的帮助有哪些？,58,36
决策比较快，条款也简单，我们从内心里非常敬重创业团队，愿意跟他们并肩作战。,一般你做一个决策的时间有多长？,59,36
除了激情、经验、带队伍的能力这些经常提起的要求，我最看重的是创业者的“洞见”。一位创业者或者一只团队对创业的领域（或者曾经奋战过的领域）可以深入价值链层层解剖，几句话就点破领域的要点，或者能八刀刻蝉用几句话就概括行业的变迁，亦或是对产业链和左近领域做了足够多的观察，提出洞见。我将非常喜欢。我不喜欢啰嗦的罗列、夸大拥有的资源、表述的行业洞见似是而非的人或者团队。一句话概括的话，优秀的创业者要能透过现象看到行业本质，构建独特产品和模式，一击毙命，才能形成成功的砝码。,你喜欢什么样的创业者/你对创业者或团队的要求是什么？,60,37
价值点的创造不够独特，很难从已有的行业竞争格局中迅速撬动用户，那我不会出手。事实上此类型的项目占我看过的案子中的大多数。,目前研究的行业中你的投资逻辑是什么？/你是如何决定在这个行业里哪些该投哪些不该投？,61,37
参与战略制定＋帮助寻找实施战略的关键人才。我喜欢和我投资的团队一起深入业务，一起谈客户、看数据、讨论产品。当我个人对业务的了解足够详尽，再依靠投资人职业带来的更广视角，可以成为战略制定的良好参与者（而绝不是决定者），帮助团队补充信息、商议决策是事半功倍的。 ,除了资金，你能为创业者带来哪些额外帮助？这些帮助最后成效如何？,62,37
对于大多数的项目，一次深入的谈话，就可以有一个结论。,一般你做一个投资决策时间大约多久？,63,37
我比较喜欢思考几年后的用户会特别需要什么。比如2011年投资的一批”物理世界的数字化“公司，从face＋＋这样的人脸识别到思必驰这样的自然语言理解，在当时或被认为过于学术、离商业有距离。但你仔细看这些团队，他们的发展路径绝不同于以往的学术路线——那种充斥着老教授和产业公司都看不上的年轻人在研究室里闭门造车。他们在发展的过程中伴随着海量数据的出现，创造出了新的跑道。再比如说这两年的SaaS， 去年以来的从线下连锁反向切入O2O的有壹手快修等模式，都是当时业内不够看好的。今天来看，他们成功不是一朝一夕的，不被看好只是因为还需要更多时间的来孵化和雕琢。,你投过什么在当时别人不容易理解的项目？或者说看某个领域明显早于其他投资人？why?,64,37
就说看案子几个纬度吧。第一如果我们觉得这个事情能够成功，且对我们团队价值观的帮助是正向的，比如像电动汽车领域的投资。电动汽车本身节能环保，尤其是环保这一点对电动车行业的意义特别大，特别是在目前国内雾霾频发的情况下；此外，电动车也非常经济，单位行驶里程单价较低。因此不管从社会意义，还是经济意义上，投资电动汽车都是非常有价值的。这种项目我觉得就是好再就是和其他人差不多的，案子爆发性好，能够给我们带来比较好的经济效益的项目。,你在关注的投资领域里有自己的方法论吗？,65,38
1，有奇思妙想，富有执行力，生活经历丰富的人。2，不喜欢只有一个人的创业团队，我比较侧重看团队的互补能力。,你青睐什么样的创业者？,66,40
包括战略规划、引入下一轮等一系列杂事都跟着一起做。,除了资金，你能为创业者带来哪些帮助？,67,40
1个星期左右。,你做一个决策的周期大约多长？,68,40
首先看方向是不是靠谱的。再就是看发起人的知识和能力是不是足以推动在冷门领域里获得重大成就。很多人会说企业发展的未来能有多大的市场，但你看现在千亿元的公司就那么几个，  百亿元也就几十个，未来可能更多的机会是在几十亿元的公司这里。所以我觉得在天使阶段就不要考虑这么多，重点想在这个领域里你能解决什么问题，能给目标用户带来多大的帮助。,谈谈你的投资方法论,69,40
团队的话主要还是看CEO，一个词形容的话就是靠谱。,你喜欢什么样的团队，或者说你看团队的标准是什么？,70,41
最快当场可以做决定。如果了解的行业的话，可能最多就是再花一点时间了解团队和已有的业务状态，最快当场可以做决定。,你一般做一个决策的周期有多长？,71,41
除了资金，可能还有就是在相关领域的研究和看法，因为我是习惯于先研究一个行业，至少自己相对要对这个行业的宏观面和很多东西都了解之后再做投资决策的。另外就是已投的兄弟公司或者人脉资源的帮助上，还有就是续融资。,除了资金，您对创业者的其他帮助有哪些？这些帮助最后效果如何？,72,41
一言以蔽之就是生产关系要尽量保证生产效率的最大化。不过我最终决定投的关键还是在创始人或者团队。,目前研究的行业中你的投资逻辑是什么？/你是如何决定在这个行业里哪些该投哪些不该投？,73,41
团队要团结，各个角色配备相对齐全，每个人都有自己的优势特长，组在一起成为一个强大的团队。同时 CEO 作为话事人，他是重中之重，我希望他既能兼听又能决断，既能掌握全局又能关注细节，基本功扎实同时学习能力强。创业是艰苦的旅程：理想主义是要有的，这是能坚持能吃苦的动力；实用主义又在以结果为导向的实践中发挥了作用。,你喜欢什么样的团队，或者说你看团队的标准是什么？,74,42
在投后服务这块，我会把我的投资组合创始团队拉进微信群，一个项目一个群，交流项目进展，分享行业动态。同时我把我投的公司创始人放到一个微信群中，让大家在线上交流、线下聚会。我会在很多方面给予公司帮助：公司治理、战略梳理、公共关系、员工招聘、商务合作和后续融资。但我不会越俎代庖，一切以创始团队为主。这些琐碎的帮助占据了我不少的时间与精力，但我乐此不疲，因为实践下来在创业团队那边的效果还不错。忘了说，我的投资组合创始团队每年都会收到我亲自登门亲手派送的利是，这也是蛮受欢迎的 :-),除了资金，您对创业者的其他帮助有哪些？这些帮助最后效果如何？,75,42
两周。,你一般做一个决策的周期有多长（从看团队到签term sheet）？,76,42
有目标、能带团队、有产品观。,你青睐投什么样的创业者/创业团队,77,44
熟悉的领域1天，不熟悉的不确定。,你做一个决策的周期大约有多长,78,44
流量+转化率。流量发生系统性转变的时候，就有可能有系统性机会。,简单说一下你的投资方法论？,79,44
1，创业者选择的创业方向或者领域是有很高天花板的2、有尖锐巧妙的切入点3、与这个事情相匹配的创始人和团队。,你青睐什么样的创业者？,80,48
大部分案子10天内。,你一般做一个决策的周期有多长？,81,48
我会考虑一个案子所处的领域是不是一条刚刚形成的赛道，是不是对大部分人来说还是一个“秘密”，然后接触这条赛道的种子选手，下注最适合的那一个。,目前研究的行业中你的投资逻辑是什么？/你是如何决定在这个行业里哪些该投哪些不该投？,82,48
好奇心比较强，学习能力强，领袖气质。这里面的领袖气质我解释一下，是说创业团队的配置是不断升级的，你看京东就升级了4次。一个团队在我投的时候我希望他那一刻就能搭配完整，但其实大多都不完整。那我不太看中这种静态的搭配，更关心创始团队有没有可能未来吸入和引入优秀的人让团队逐渐升级、完整。,你喜欢什么样的创业者/创业团队？,83,52
我比较喜欢投已经有0-1的成功经验，在1-100的路上继续试验的团队。举例来说，猎豹在海外做的很成功，Apus就是在不同的领域但很相似的方法做了一个也成功的产品。 再比如说去哪儿上市了，庄辰超后来间接做了融360，等于一套基础的方法论在不同领域里试验，最后也奏效了。就是说平行领域已经有先行者了，你如果能用这套方法论或者商业模式在一个新的领域里实践，那我觉得成功的机会更大,你投资的方法论是什么？,84,52
快的一周，慢的有半年也有，期限跨度也有更长的。这里面受到影响的因素太多。不过我会与创业团队一周或者一段时间做一个沟通，讲一下内部进展的情况，如果继续推进卡在哪里了——比如我还需要长时间决策，也让创业者另外寻找投资人等等。反正我是投就投了，不投也会说明原因的。,你做一个决策的时间大约多久？,85,52
"我喜欢会“玩”的创业者。解释起来有两点1，你要对一个领域的研究足够深或者拥有大量的经验，然后这里面的问题我们探讨起来是考不住你的，不能一共就问三个问题，有两个问题答不上来。2，在研究非常深的基础上已经可以开一些""tricky""的小玩笑。",你青睐什么样的创业者？,86,58
1，我喜欢有领导人气场和格局好的创业者。2，人生一直在折腾，不断探索和尝试新东西的人。3，我偏向投创始团队成员有2-3个的团队。创始人之间的性格是比较互补的，但有一个人说了算。,你青睐什么样的创业者？,87,61
快的话2个小时，比如足记。一般是几天到一周。,你做决策的周期一般多久？,88,61
就说足记。投足记核心是投他们创始人这个人，我们聊天中能感觉到她有一股单纯的力量，当时我们谈的金额也不大，是值得赌一把的。 ,你投过什么在当时别人不容易理解的项目？或者说看某个领域明显早于其他投资人？why?,89,61
概括来讲：聪明勤奋、心态开放，重视合伙人和团队，还有毅力要强。,你青睐什么样的创业者？,90,63
品牌背书，招聘、营销、融资等系统性服务。,除了资金你还能为创业者提供什么样的帮助？,91,63
一到两周。,你做一个决策的周期有多长,92,63
有一次，我在硅谷和Automatic（硅谷知名OBD产品）创始人聊天时，他提到一件硬件产品提供给用户，用户是否为其买单，关键核心在于其是否有价值。事实上，目前为止美国也没有特别多的用户真正使用Automatic，因此，他们也在努力开发新功能来尝试用户的需求到底是什么，比如通过OBD产品，紧急救援、寻找空余停车位等等。在中国来说，现状可能就是目前的车内硬件仍没有抓住用户的需求和痛点，或者也可以说用户对这些硬件产品的需求还比较低，普通的汽车厂商自带配件就能满足。因此，目前来说，仍没有一件合格的硬件产品能够有价值，且能够真正满足用户的需求，让用户为之买单。,中国的车主会为怎样的硬件买单呢？,93,64
我认为是一些能够让车内或者车本身产生的数据有效联网的产品。拿之前比较火的GoPro举例，为什么它能够在汽车领域逐渐应用起来，实际上是因为它其实并不是一个直接和汽车紧密结合的东西，反而是和互联网相关。目前来看，只有真正具有互联网形态的产品，而如果再能够应用到汽车领域，满足车主的需求，这样的硬件就能够有机会。,目前来看中国有哪些可以期待的汽车硬件产品？,94,64
创业者的眼界要高，眼界高是说接触到的东西要有深度和广度。比如我们面对面探讨的问题对方的见解让我觉得大开眼界或者茅塞顿开。再就是创业者这个人比他同龄人或者同背景的人更出色的，比如BAT3年出来，你要比同辈在某一个方面体现强劲。然后我们特别注重一个人的IQ这一块，如果IQ高是加分的。,你愿意投什么样的创业者/创业团队？,95,65
我们说社交，社交我看三个点：首先是产品发扬人性的光辉，用户在这得到的满足是正向的。再就是要有野性的呼唤，用户在这里寻找到刺激，比如恋物癖啊等等，对隐私的窥探啊等等。然后我只相信技术提高效率，不相信模式提高效率。具体说就是产品要技术能力强，最终是依靠数据挖掘提高社交的效率——这也是我筛选社交产品的重点门槛。,你的投资方法论是什么？,96,65
15-20分钟可以决策不投，1小时才能决策投。其实大部分的情况我是在找一个投的理由。简单说大家都知道拒绝是最容易的，见1000个项目，90%都是拒绝的。要想拒绝我有一万个理由可以拒绝，但投的话就需要一个很重要的感觉来支撑，就是这个团队的某个特点让你找到了投的理由。,你做一个决策的时间平均有多长？,97,65
聪明、执行力强、有带队经验、商业思维好，喜欢30岁左右创业者，90后优秀团队亦在考虑范围内。,你喜欢什么样的团队，或者说你看团队的标准是什么？,98,66
通常一周，不超过两周,你一般做一个决策的周期有多长,99,66
1、阿里、滴滴创业经验。十几年阿里经历，从一线做到高管。全程参与滴滴打车创业，目睹滴滴从数人发展到数千人。2、对于平台模式有深刻理解，在模式、产品、商业策略上可提供深入指导和孵化。3、与BAT的战略合作经验。4、长期深耕O2O，在O2O各细分领域均有布局，生态系统完善，被投公司互补性极强。5、投准率在个人天使中稳居前列，提供良好品牌背书。,除了资金，您对创业者的其他帮助有哪些？这些帮助最后效果如何？,100,66
两字：聪明！,你喜欢什么样的创业者/你对创业者或团队的要求是什么？,101,68
一，很容易去吸引大规模的用户。二，有扎实的商业模式。三，有很强的技术积累。以上任何一条符合我都觉得是能冲出来。,目前研究的行业中你的投资逻辑是什么？/你是如何决定在这个行业里哪些该投哪些不该投？,102,68
最少一周，最长要半个月到一个月。,你做决策的时间一般多久？,103,68
企业级的服务我从2012年就开始看，当时各家也有人在看，但市场远没有形成像今天这样的风口。3年之后企业级服务起来了，但之前我们已经投了几家了。,某个现在大热的项目你当初投/不投的原因是？,104,68
比如说理清做事的先后顺序，做一些客观的分析，跟团队一起头脑风暴、发散思维。  ,除了资金，您对创业者的其他帮助有哪些？这些帮助最后效果如何？,105,70
用户的需求是否真实，产品是否可以还原到真实的使用场景。,目前研究的行业中你的投资逻辑是什么？/你是如何决定在这个行业里哪些该投哪些不该投？,106,70
我们从人的角度来讲，创业者综合素质要不错，具备主流、良好的价值观，要有非常强的草根精神。从做事的角度讲，要顺应趋势，业务上能够建立行业壁垒，有机会做成垄断。此外，我个人不喜欢单兵作战的，我比较偏好有联合创始人的团队，而且团队成员的互补性要强，不喜欢特征比较像的几个人组成的合伙团队。,你喜欢什么样的创业者/你对创业者或团队的要求是什么？,107,72
就说用互联网方法或者方式改变传统行业的——O2O，在这个领域『吃、穿、住、行』大领域我们是不投的，不投是因为我们基金总体规模就几个亿，但这些大领域的公司前期就需要重资金进场，几十个团队才能跑出来一个，一个案子的投入比太大，不适合我们现在基金来投。我更偏向看的是细分领域，抓住一个细分市场的需求点的优秀团队迅速杀出来。,目前研究的行业中你的投资逻辑是什么？/你是如何决定在这个行业里哪些该投哪些不该投？,108,72
首先是企业管理遇到的问题上的一些帮助吧。之前我在兆迪公司做了10年的管理者，这方面经验还是丰富的。再就是我在人民大学和芝加哥大学进修过管理学、金融学和经济学，在这三个方面我是比较了解的。还最重要的一点，我们联合投资的团队的资源丰富，有亲密的合作伙伴。你看下我们投资的案例，有一半以上是联合投资的，这些多年合作的投资伙伴都评价和我们合作感觉更亲密。,除了资金，你能为创业者带来哪些额外帮助？这些帮助最后成效如何？,109,72
两星期左右。,一般你做一个投资决策时间大约多久？,110,72
举个例子吧。我之前投过一个公司叫云印，简单来讲就是中国印刷行业的O2O。当时我投的时候很多人就不看好，因为在当时印刷行业在中国就有十几家上市公司，被认为是一个产能过程的产业。但你看Vista Print在美国的高市值，你就发现这个市场还有机会。当时这个行业的技术别人看不懂，这更像一个工业4.0的一个公司。,你投过什么在当时别人不容易理解的项目？或者说看某个领域明显早于其他投资人？why?,111,72
执行力强肯定是最重要的。再就是以前的经验和资源2年之后基本都用光了，所以我也很看中学习能力比较强的人。现在O2O领域的项目看的比较多，这里面我更看中团队的线下能力，因为线下的资源和经验需要积累的时间比较长，线上的团队基本都做到80分就不会出太大问题。,你喜欢什么样的创业者/你对创业者或团队的要求是什么？,112,74
现在电商类项目会占我看的案子中的1/3。这个领域我最关心的是流量来源的问题。现在来看电商的整个链条上营销，仓储，物流这些环节的成本都在下降，只有流量的成本一直在上升。而且整体是在恶化的。如果团队其他问题解决得一般，轻易不会死，但流量出问题我觉得是致命的。再说O2O，这应该是交易的下一个产品形态，和电商比它的流量玩法不一样，它更需要一个面对面的服务场景，这些场景更随机化和个性化，很难像流水线产品那样一模一样，所以流量的获取是分布式的。我就会更关心你每一步的流量是如何获得，人员如何培训，每个场景都如何有效的构建和解决问题。,目前研究的行业中你的投资逻辑是什么？,113,74
险峰华兴整体是一个外脑型基金，在战略上会给团队很多的指导，之前我们投了非常多的公司，一些领域里的从0到1的这条路我们走了很多遍了，经验算非常丰富，所以在创业的每一个坑之前都能做出提前预警。,除了资金，你能为创业者带来哪些额外帮助？,114,74
两个星期。,一般你做一个投资决策时间大约多久？,115,74
2012年我就投过一个智能硬件的项目，当时市场上不光没人看这个项目，项目本身也比较少，但我当时就觉得这个领域有机会。之前Google glass给我的启发——会不会有另外硬件出现能够替代手机。后来研究了一下，发现在当时是没有硬件能击败手机的。那我们就看是否有硬件能解决手机解决不了的问题。我们先看手机有什么优势：屏幕大，随时上网，CPU处理能力强。但缺点就是电池续航时间短。如果智能硬件只做辅助的工作，不提供最耗电的运算功能，没有屏幕也不联网，那还是有市场的。后来我就投了一家智能硬件公司，最终公司卖掉，还算成功退出了。,你投过什么在当时别人不容易理解的项目？或者说看某个领域明显早于其他投资人？why?,116,74
如果说宽泛点，有执行力、有经验可能大家都不会拒绝。但除了一些优秀者应该具备的基本技能。我更看中创业的初心，就是你做这件事的动机是什么？如果动机是积极的向上的，那他的热情是能够感染到别人，这在我看来就是优秀的创业者。再就是格局要大一点的，要有国际化的视野。不要说我就做一个地域性的产品，这我觉得后面的发展会受限。如果说还有一点的话，就说创业者要足够勤奋，脚踏实体的发现产品用户的特点，不要玩概念和只会吹。 ,你投过的这些创业者有什么共性的特点？,117,75
我觉得帮助这件事这么看，如果这个投资人愿意帮你，没有资源、没有人脉也会帮你找资源找人脉。如果他不愿意帮你，他有资源也不会愿意给你。最大帮忙就是和创业者紧密的沟通，同一套信息上沟通。真正融入团队，像一名员工一样帮助创业者的。,除了资金你对创业者的帮助还有哪些？,118,75
2-3周，慢的话不会超过2个月。,做一个决策的周期？,119,75
曾经在某个领域里证明过自己能力的人。,用一句话概述你选择创业者的标准,120,76
两周。,你做一个案子的决策的时间一般需要多久？,121,76
2013有一些互联网金融相关的案子出来了，我也投了，但当时互联网金融是一个布局时期，现在看来当时如果有布局的现在都多少跑出来了。互联网金融这块其实我看好互联网券商，或者说社交化的、一站式的金融品牌。,你投过什么在当时别人不容易理解的项目？或者说看某个领域明显早于其他投资人？why?,122,76
"一是人要聪明（不是说数学好）,而是指感知能力强，善于观察，能敏感的发现一些新的东西的特点。二是做事做人都要坚决，我不喜欢拖泥带水犹犹豫豫的。三，创业者的这个人/团队要心态开放，愿意不断学习新东西，并且能够钻研进取，最终学会。",你青睐什么样的创业者/创业团队？,123,79
取决于对这个行业有多么的熟悉吧，没有一个非常具体的时间。如果推进的过程出了问题或者慢了下来，我会找创业者沟通，我是绝不会『脱』创业者的。,你做一个决策的时间大约需要多久？,124,79
2011 我投了『饿了么』的A轮，大家说这不就是个送外卖的吗。但我当时认为张旭豪这个人能力非常强，一定能成大事，我最终投饿了么重要原因是这个人靠谱。,你投过什么在当时别人不容易理解的项目？或者说看某个领域明显早于其他投资人？why?,125,79
有活力、有野心、有经验。,用几个词来概述你喜欢什么样的创业者？,126,88
1-3周。,你一半做一个决策的周期有多长？,127,88
蓝湖是一家研究导向的基金，我们通过研究来帮助创业者一起分析行业情况以及未来发展趋势、业务发展方向。这与其他基金还是有区别的。,除了资金，你还擅长维创业者提供什么帮助？,128,88
应该是对自己的事情想的比较透彻，但不浮夸。简单来说有战略能力，还能实际做执行的。 ,你青睐什么样的创业者？,129,92
就说电商领域吧。首先说电商的机会还在哪里。第一是新的用户还有待挖掘的红利。这么讲是因为你可以发现3-4线城市中很多人还不是触网（接触互联网）用户，但他们也会日常进行消费的，这部分人有很强的待挖掘的价值。第二就是电商的运营策略在变化，在最初一波冲出来的电商公司里，大家都觉得重点是拼资金和运营效率，但现在来看，能够切的事情越来越多。比如营销的工具发生了改变，那营销就是很好切入的一环，再就是供应链、环节上的创新还有品牌上的创新。概述来讲就是移动加社交我觉得是新的电商公司能够做起来的新的砝码。第三点就是『用互联网的方式重构消费就是还原用户场景。』具体来说就是我观察好的线上线下改造和结合的公司其实创新程度不高，大多是把线下场景化还原到线上。在简单来说，消费是人雨与生俱来被赋予的一项社会行为，其实消费的方法、习惯大家都不缺经验，你需要为他们做的就是如何把他们习惯或者认同的线下消费习惯、场景、方式搬到线上来。,你的投资方法论是什么？,130,92
如果是自己一直在关注的领域的化会非常快，1周就可以。相对没那么熟悉的，可能就会久一点。但我现在也有选择性的避开不熟悉的领域。,你做一个决策的周期大约需要多久？,131,92
聪明实干比较重要，再就是过往的经验对目前的事情有帮助。,你青睐什么样的创业者？,132,96
最快1-2周,你决策的周期一般多长？,133,96
最早是做投资银行业务，做企业上市，上市企业并购等等。从1996年开始我和我的团队帮助60个企业IPO。可以讲无论是发展期还是成熟期的企业，它们每个发展阶段遇到的问题、需求的资源我都比较了解。现在的早期基金里面我们能够帮助创业者的不仅仅是投资，还包括比较丰富的资源、从早期一直到Pre-IPO的策略支持、以及企业运作的智慧分享。目前我们投资的处于早期项目阶段的有26家，处于Pre-IPO和拟新三板挂牌的有18家，国内主板上市的有7家，香港上市有4家，挂牌新三板的2家。,做早期投资之前你的经历是怎样的？这些经历对你做早期投资有那些影响？,134,100
我看的很多项目是从IOT物联网开始的，包括硬件、数据等等。这方面的项目我分两个逻辑来看：1，交易的逻辑：硬件产品最终要从交互走向交易闭环。现在很多智能硬件的创业者只强调做交互，强调做单品。在我看来，智能硬件的单品是很难支撑一个企业的，这个风口已经过掉了。交互的话一定要通过交互往交易闭环切才有机会，至于这个环要扩多大，我的建议是从1-2个强用户需求切入，然后迅速产生高频的交互，最终通过高频的交互来变现。2，场景的逻辑：看大数据类型的公司我分三点：『数据是否是实时、是否高频、是否多纬』来考量。无论是智能硬件还是纯软件，收集到的数据如果满足这三个纬度，并且三点做得都足够优秀，你会发现这些数据与数据之间是有关联性的，然后依托这些关联性我们能找到或者勾画了一个场景，以此找到新的业务模式或者用户需求。,最近在关注什么领域？简单分享下核心的几个方法论,135,100
第一，我看重有理想的团队。比如乐奇足球，投完后公司估值直奔几个亿，这几个亿或许对纳斯达克、对敲钟这件事来说是成功的。但团队更应该追求的是他们改变了一个行业后的荣誉，比如在苏黎世FIFA总部得到荣誉比去纳斯达克敲钟是更有意义的。第二，创业者自己认为做这件事很有趣，很享受，这样他会100%投入，而且整个团队是非常快乐的。第三，团队要有一个人有领袖精神，同时团队的执行力也非常强。,你最欣赏什么样的创业者？,136,100
最快的一次不超过12小时，乐奇足球见面聊过后3个小时就进入走流程阶段平均来讲1周的时间。,做一个决策的周期一般多长？,137,100
首先的不同应该是人员构成的不同，像一些大的基金很多人是金融顾问出身，没切身把握过产品、KPI、公司运营这些事情。但极客邦中GP、投资经理等等都是互联网传道出来的人。我们对创业者、企业家面对的招人、制定战略、运营等问题都有切身的体会和经历，这方面能提供绝对丰富指导。,为什么成立Geek Founders？新基金对创业者提供的服务与其他主流基金的差异化在哪里？,138,101
一句话来说的话是“Idea 值10亿美金以上”，我不太喜欢投非常细分领域或者面对小众人群的案子，这样未来规模化差一点，商业模式本身天花板也低，比如说针对小众人群的服装品牌，或者服务小众人群的O2O，这些项目的野心不够大。我更愿意投那些对大众化的需求有感觉并愿意找到解决方案的人。,你喜欢什么样的创业者/你对创业者或团队的要求是什么？,139,101
首先还是那句“10亿美金以上”，一个产品要面对足够多的人群，你像特定目的地旅游的，带你去拍婚纱照，面对的市场和人群窄，后面发展的天花板就会低。再者，产品要有充分的粘性，用户使用的频率要高，至少一个月要用一次。你比如说现在卖车火爆，但人们买车的频率并不高，我不一定会投，再有围绕结婚展开的，产品很多人一辈子就用一次，激活的频率也低。还有就是项目离钱要相对要近一点或者有方法撬动一个行业天花板的高度。最后，项目最好所在的领域竞争不激烈，处在蓝海里。你像千团大战这种我是不喜欢参与的。,目前研究的行业中你的投资逻辑是什么？/你是如何决定在这个行业里哪些该投哪些不该投？,140,101
两个星期。,一般你做一个投资决策时间大约多久？,141,101
比如说找钢，当时大部分人是完全不懂的，整个早期投资人不出5个人在研究类似的事情。但你看到最后找钢材切交易和流量的方式都很独到，一下就撬动了钢铁交易市场。,你投过什么在当时别人不容易理解的项目？或者说看某个领域明显早于其他投资人？why?,142,101
"首先创始人的职业生涯最好是专注一个行业，我不喜欢各行业跳来跳去的。再就是我希望用互联网改变传统行业的项目上，创业者不是一个纯互联网出身的团队，一定要对行业有理解力, 团队中线下的能力要更强。再比如说文化领域，因为我比较坚信内容为王，所以我期待的是有持续高质量内容生产的团队，并且有一定的行业资源整合能力的。",你喜欢投什么样的团队？,143,106
做浅石之前我在经纬做了6年，投资生涯8年，个人比较叫擅长的有行业资源的沟通，资本上对接，下一轮融资或者上市，再就是企业的规范化治理。目前我们的基金是一个新的人民币基金，专注早期的投资。,除了资金，你对创业者还能提供哪些帮助？,144,106
从见到团队到签term sheet的时间不会超过1周。,你做一个决策的周期平均是多久,145,106
机会，还没有沾染互联网的产业还有很多可以挖掘的机会。比如你可以从投资的外部环境观察，也就是创业者这端来讲，一些还没有和互联网结合的传统行业公司的基数相当大，比如O2O和互联网金融。那么正在涌现出来的创业公司和机会也在随之变大，比如，做汽车互联网业务相关的公司2年前有4000家，但5年前可能只有几百家。这种爆发式的增长也让一个领域里的机会更多了。此外，2014是互联网公司的上市红利期，很多公司的高管再上市后得到了不菲的资金。从他们个人讲，这些资金需要有一个较好的回报。从业务角度讲，他们也希望尝试在自己关注、擅长的领域找到新的增长点，成为新的参与者。,为什么要成立源码资本？,146,109
找LP让我花了很多心思。你会发现一个现象，顺为基金一部分的成功来源于其利用了雷军的品牌优势和影响力。而我们想得是更开放，多拉一些“雷军”们进来，把各个领域最新锐的CEO、BAT高管和天使投资人招募进来，做到LP融合又隔离——融合指的是他们是携带资源的、纯粹的财务投资人，对创业者来说，他们再创业早期需要资金，也更需要资源，我们的LP可以帮助他们很快进入这个圈子，快速被接纳。隔离是指是我们的投资方向并不会被个人业务所牵绊，比如以前公司做LP，在投起案子来会做很多平衡，但个人很少会影响到。,源码资本的LP类型非常丰富，有基金、个人，其中个人又有各个互联网公司的高管。基金被发起的时候是否考虑这么配置LP的优势?,147,109
在投资界做创业公司、做尝试，会比在大基金里试错要更容易，我们会与红杉基金相互配合，综合资源做一些投资，但我们有专注的领域：O2O 、互联网金融、社交是一级的、优先的投资领域；智能硬件属于二级有优先。在确立了专注的领域上，我们摸索，验证一些想法，比如：我们会完全聚焦在IT领域，我们就对这个领域的创业者创业、融资会发生的事情做更详细的研究，投资在哪几块会耽误进度，我们就改进，达到快速决策、快速投资，让融资过程按照一个标准流程在一个限定的时间内迅速完成。投资完成后，我们会帮助创业者寻找一些找资源，至少协助他们与一个领域的生态系统建立联系。这是一个双赢的决策，因为对我们来讲，我们背后的LP、基金也希望有一个生态资源的圈子产生，我们和他们也能融进这个圈子。此外，对创业者来讲，我们无论是term还是合同，都按照标准条款执行，每个人合作拿到的都是同一份合同，投资多少钱，分得多少股份，制定对创业者宽松的条款。,源码资本目前的投资策略有哪些？,148,109
我会尽量站在一个用户的角度去思考一个产品所在的行业有没有存在的价值。具体说到我擅长的手机游戏方面，我看重的是创新度，有没有情怀，好不好玩。不太认可山寨别人产品的事情。,你的投资方法论是什么？,149,111
举个例子，刀塔传奇不是那么狠收钱的游戏，它的核心在于高DAU中小ARPPU的游戏，它的整个留存非常好，是我第一个见到在电梯室内推的手机游戏，这个游戏的付费率和转化率非常高。但是刀塔这种玩法再往下走就很难有让消费者不一样的感觉。ARPG是一个往下走肯定要走的方向。最后有点像端游，MMORPG，持续收费，制作精良，打击感很好。这种大趋势之外一些创新型游戏是一直会有。从整个行业发展来看，重型化是一个特点，对一款游戏的投入会加大，生命周期会加长。,你认为手游发展的趋势是什么？,150,111
喜欢的创业者类型应该是踏实、有经验、有激情，如果是020领域创业的，需要线上线下配合的，我更喜欢团队中线上的人起主导作用。,你喜欢什么样的创业者/你对创业者或团队的要求是什么？,151,113
比如说房产市场吧，首先要看这个市场本身是不是有问题，互联网意识在这里融入有多大？这个市场很大，2014年装修就是1.2万亿元的市场，新房销售就是几千万亿的市场。大家都说这个行业面临拐点，其实说的是提高消费的频次、去中间环节，用更有效率的方式来重构一些模式。,目前研究的行业中你的投资逻辑是什么？/你是如何决定在这个行业里哪些该投哪些不该投？,152,113
做的事情就比较杂了，比如帮你招人，做BD，介绍投资、整合小伙伴的资源等等。有时候会对创业者做做『心里按摩』。此外，我供职的CA创投本身有比较强的广告能力，这方面的资源整合能力比较强。,除了资金，你能为创业者带来哪些额外帮助？这些帮助最后成效如何？,153,113
一周。,一般你做一个投资决策时间大约多久？,154,113
open、专注、大气、激情。,你对创业者或团队的要求是什么？,155,118
1，团队要够强。2，商业思路要清楚，知道未来的确切方向。3，最晚不超过C轮，可以产生正常现金流。4，投资自己专注的行业。 ,目前研究的行业中你的投资逻辑是什么？,156,118
取决于项目本身，提供的资源会多一些。,除了资金，你能为创业者带来哪些额外帮助？,157,118
决策时间一周以内，整个项目一个月内可以完成。,一般你做一个投资决策时间大约多久,158,118
聪明、好学、勤奋、自知。,你喜欢什么样的创业者/你对创业者或团队的要求是什么？,159,119
1-15天。,般你做一个投资决策时间大约多久？,160,119
梳理商业模型、定期复盘、后续融资。,除了资金，你能为创业者带来哪些额外帮助？,161,119
互联网金融领域里，我09年就出手投了黑板擦；O2O领域的话，两年多前就开始投秀美甲；电商领域坚持投好商品。,你投过什么在当时别人不容易理解的项目？或者说看某个领域明显早于其他投资人？why?,162,119
肯定是学习能力强，团队之间成员的技能、性格有互补的。然后要有一定经验的沉淀，创业的方向之前有一定经验或者是熟悉的领域。再就是实实在在干事情的人，我比较不喜欢说的多，结果干的和说的完全不一样的。,你喜欢投什么样的创业者/创业团队？,163,123
O2O这个领域项目很多，大家都在看衣食住行，看的比较泛，但我们觉得在一个领域里深挖效果更好。比如在房地产可以深挖很多东西，之前我们投了房多多，最近又投了一个装修的O2O，然后再往后我们又看见了公寓长租的机会，用共享经济的模式做也有一个好项目，虽然他们的模式都不一样，但在同一个领域是成体系的。,你有自己的投资方法论吗？,164,123
一眼就做出判断的，一周内就可以Close，如果这个项目还需要观望，那时间会比较长。,你做决策的时间有多长？,165,123
之前在一家家族企业内做教育创业，然后带队与朋友在互联网金融领域内创业。 这些经历让我对自身及事物规律有更深的认知，对创业及投资时刻保持敬畏之心。,你在成为一名投资人之前做的是什么工作？那些经历对你做投资有怎样的影响？,166,132
关注互联网金融及O2O 领域较多。在商家提供的服务越来越多，越可互相替代的情况下，用户会更挑剔的寻求更高层面的满足，比如精神层面，这时考核的是一个商家塑造品牌的能力，而品牌的能力，又取决于创始人对意识形态把控的能力。,你最近在关注什么创业领域？分享下你的观点？,167,132
思考未来格局的变化，描绘出该领域的变化蓝图，与创业者，投资人探讨，大部分时间沉浸在思考与讨论中。,描述下你的工作状态？,168,132
知行合一一. 有自己设定的人生意义，并保持开放二. 能自我构建对事物规律认知的系统框架，并迅速迭代三. 成熟的心智，懂人性，有勇气,你最欣赏什么样的创业者？,169,132
1创业做的事情是跟家居相关的，要么和衣食住行吃喝玩乐相关的。2喜欢连续创业者，或者有一定能力资源的。我比较青睐地推能力比较强的人。3我不是很在意创业的人是一个人还是2-3个人一起，如果能力强的一个人也行。,你选投资对象有什么标准吗？,170,140
2天就OK。,你做一个决策的周期一般多长,171,140
我一般就选择我熟悉的领域投。,你投资的偏好是什么？,172,140
从校园出来就直接扎到了投资行业，对投资行业的运行整体流程有比较深度的了解。,你在成为一名投资人之前做的是什么工作？那些经历对你做投资有怎样的影响？,173,172
关注一切和体育相关的创业团队。风来了，要好好把握。,你最近在关注什么创业领域？简单分享下你的观点？,174,172
做投资之前曾分别做过管理，运营，技术，BD，产品和战略。相比较而言，更容易多角度、全面的理解创业者。,在成为一名投资人之前的经历是怎样的？这些经历对你做投资有怎样的影响？,175,173
体育领域，核心观点是顺势而为。,你最近在关注什么创业领域？分享下你的观点？,176,173
工作状态：得买双好鞋。,描述下你的工作状态？,177,173
欣赏价值创造者，好的商业模式是对客户，员工，伙伴，对手都创造价值。这样更容易形成产业链条积累而不易被撼动。,你最欣赏什么样的创业者？,178,173
开诚布公，坦诚相对。促成产业链伙伴合作，提高信息流通效率，加快产业发展速度。,你如何与创业者相处？哪些事是你个人投后增值的部分？,179,173
